id,filename,source_url,media_type,mime_type,alt_text,date
977,3d_turntable_01_mirror.jpg,https://staging.molosoc.com/wp-content/uploads/2026/07/3d_turntable_01_mirror.jpg,image,image/jpeg,"CGI product render: foot cover in three-quarter front angle, pre-mirrored (toe pointing left, M logo on the right), on a round turntable pedestal, plain white backdrop",2026-07-29T17:03:22
976,molosoc_cream_drawers.jpg,https://staging.molosoc.com/wp-content/uploads/2026/07/molosoc_cream_drawers.jpg,image,image/jpeg,"An open wooden bathroom drawer crowded with half-used cream tubes and torn sachet packets, marble countertop above, sunlit window alongside",2026-07-29T16:48:34
975,molosoc_pedicure_relaxing.jpg,https://staging.molosoc.com/wp-content/uploads/2026/07/molosoc_pedicure_relaxing.jpg,image,image/jpeg,"Woman in cream loungewear relaxing on a daybed, smiling down at her bare feet resting on a folded blanket, cup of tea on a wooden table, bright sheer-curtained room",2026-07-29T16:34:39
974,molosoc_disposable_mask_editorial.jpg,https://staging.molosoc.com/wp-content/uploads/2026/07/molosoc_disposable_mask_editorial.jpg,image,image/jpeg,"A foot inside a clear single-use plastic sock mask, cream visibly pooled inside, stepping onto a wool rug in front of a wooden stool with a folded towel",2026-07-29T16:34:35
969,molosoc_ritual_platform_bed_blanket-scaled-1.jpg,https://staging.molosoc.com/wp-content/uploads/2026/07/molosoc_ritual_platform_bed_blanket-scaled-1.jpg,image,image/jpeg,Duplicate re-upload of molosoc_ritual_platform_bed_blanket-scaled.jpg (id 918) — bare feet peeking out from under a blanket on a low wooden platform bed by a window,2026-07-28T09:53:18
968,molosoc_ritual_hallway_walk-scaled-1.jpg,https://staging.molosoc.com/wp-content/uploads/2026/07/molosoc_ritual_hallway_walk-scaled-1.jpg,image,image/jpeg,Duplicate re-upload of molosoc_ritual_hallway_walk-scaled.jpg (id 909) — bare legs walking barefoot down a sunlit minimalist hallway,2026-07-28T09:53:09
967,homepage-results-full.jpg,https://staging.molosoc.com/wp-content/uploads/2026/07/homepage-results-full.jpg,image,image/jpeg,"Real 3-month before/after result, no filters — full unedited comparison",2026-07-28T09:53:05
966,homepage-bathroom-bench-graded.png,https://staging.molosoc.com/wp-content/uploads/2026/07/homepage-bathroom-bench-graded.png,image,image/png,"A sunlit minimalist bathroom hallway with sheer curtains, wood beams, and bare feet resting on a linen bench",2026-07-28T09:52:44
964,homepage-bedside-rug-cropped.png,https://staging.molosoc.com/wp-content/uploads/2026/07/homepage-bedside-rug-cropped.png,image,image/png,Bare feet stepping onto a soft cream wool rug beside the bed,2026-07-28T09:51:19
963,homepage-pillar5-drawer-graded.png,https://staging.molosoc.com/wp-content/uploads/2026/07/homepage-pillar5-drawer-graded.png,image,image/png,A half-open bathroom drawer crowded with half-used cream tubes and bottles,2026-07-28T09:50:59
962,homepage-livingroom-graded.png,https://staging.molosoc.com/wp-content/uploads/2026/07/homepage-livingroom-graded.png,image,image/png,Bare feet up on a wooden side table in a calm minimalist living room,2026-07-28T09:50:42
961,homepage-cream-collection-cropped.png,https://staging.molosoc.com/wp-content/uploads/2026/07/homepage-cream-collection-cropped.png,image,image/png,"Close-up of hands massaging cream into a heel, bright white bedroom",2026-07-28T09:50:28
960,homepage-hero-preview-graded.png,https://staging.molosoc.com/wp-content/uploads/2026/07/homepage-hero-preview-graded.png,image,image/png,"Bare feet peeking out from under a clean white blanket in a bright, airy bedroom",2026-07-28T09:50:07
928,3d_turntable_02_side.png,https://staging.molosoc.com/wp-content/uploads/2026/07/3d_turntable_02_side.png,image,image/png,"CGI product render: full side-profile view on a round turntable pedestal, plain white backdrop",2026-07-26T09:10:53
927,3d_turntable_03_back.png,https://staging.molosoc.com/wp-content/uploads/2026/07/3d_turntable_03_back.png,image,image/png,"CGI product render: straight-on heel/back view on a round turntable pedestal, plain white backdrop",2026-07-26T09:10:18
926,3d_turntable_04_topdown.png,https://staging.molosoc.com/wp-content/uploads/2026/07/3d_turntable_04_topdown.png,image,image/png,"CGI product render: top-down view on a round turntable pedestal, plain white backdrop — opening shows size-mark lettering inside",2026-07-26T09:09:33
925,3d_turntable_05_sole.png,https://staging.molosoc.com/wp-content/uploads/2026/07/3d_turntable_05_sole.png,image,image/png,"CGI product render: sole tilted toward camera showing the full grip-dot texture, on a round turntable pedestal, plain white backdrop",2026-07-26T09:09:04
924,3d_render_05_sole.png,https://staging.molosoc.com/wp-content/uploads/2026/07/3d_render_05_sole.png,image,image/png,"CGI product render: sole tilted toward camera showing the full grip-dot texture, dark gradient studio backdrop",2026-07-26T09:08:29
923,3d_render_01_front.png,https://staging.molosoc.com/wp-content/uploads/2026/07/3d_render_01_front.png,image,image/png,"CGI product render: front three-quarter view resting on a dark studio floor, gradient backdrop",2026-07-26T09:07:46
922,3d_render_02_back.png,https://staging.molosoc.com/wp-content/uploads/2026/07/3d_render_02_back.png,image,image/png,CGI product render: straight-on heel/back view against a dark gradient studio backdrop,2026-07-26T09:07:06
921,3d_render_03_top.png,https://staging.molosoc.com/wp-content/uploads/2026/07/3d_render_03_top.png,image,image/png,CGI product render: top-down view on a dark reflective surface with diagonal light streaks,2026-07-26T09:06:20
920,3d_render_04_threequarter.png,https://staging.molosoc.com/wp-content/uploads/2026/07/3d_render_04_threequarter.png,image,image/png,CGI product render: foot cover three-quarter front angle floating over a dark gradient studio backdrop,2026-07-26T09:05:41
919,3d_turntable_01_front.png,https://staging.molosoc.com/wp-content/uploads/2026/07/3d_turntable_01_front.png,image,image/png,"CGI product render: foot cover tilted three-quarter front angle on a round turntable pedestal, plain white backdrop — embossed ""M"" logo and sole grip dots visible",2026-07-26T09:05:10
918,molosoc_ritual_platform_bed_blanket-scaled.jpg,https://staging.molosoc.com/wp-content/uploads/2026/07/molosoc_ritual_platform_bed_blanket-scaled.jpg,image,image/jpeg,Bare feet peeking out from under a blanket on a low wooden platform bed by a window,2026-07-25T06:52:50
917,molosoc_ritual_bath_stool_towels-scaled.jpg,https://staging.molosoc.com/wp-content/uploads/2026/07/molosoc_ritual_bath_stool_towels-scaled.jpg,image,image/jpeg,"Three-panel bathroom scene with a wooden stool, folded towels, and bare feet beside a freestanding tub",2026-07-25T06:52:41
916,molosoc_ritual_daybed_lounge-scaled.jpg,https://staging.molosoc.com/wp-content/uploads/2026/07/molosoc_ritual_daybed_lounge-scaled.jpg,image,image/jpeg,"Bare feet up on a wooden daybed, reading by sheer curtains",2026-07-25T06:52:32
915,molosoc_ritual_ankle_cream_closeup-scaled.jpg,https://staging.molosoc.com/wp-content/uploads/2026/07/molosoc_ritual_ankle_cream_closeup-scaled.jpg,image,image/jpeg,Close-up of hands massaging cream into an ankle on white linen,2026-07-25T06:52:23
914,molosoc_ritual_bedside_rug-scaled.jpg,https://staging.molosoc.com/wp-content/uploads/2026/07/molosoc_ritual_bedside_rug-scaled.jpg,image,image/jpeg,Bare feet stepping onto a soft wool rug beside the bed,2026-07-25T06:52:12
913,molosoc_ritual_morning_kitchen-scaled.jpg,https://staging.molosoc.com/wp-content/uploads/2026/07/molosoc_ritual_morning_kitchen-scaled.jpg,image,image/jpeg,Barefoot in a minimalist kitchen during a morning pour-over coffee ritual,2026-07-25T06:52:04
912,molosoc_ritual_reading_nook-scaled.jpg,https://staging.molosoc.com/wp-content/uploads/2026/07/molosoc_ritual_reading_nook-scaled.jpg,image,image/jpeg,Bare feet crossed on the floor beside a leather reading chair by a window,2026-07-25T06:51:55
911,molosoc_ritual_livingroom_rest-scaled.jpg,https://staging.molosoc.com/wp-content/uploads/2026/07/molosoc_ritual_livingroom_rest-scaled.jpg,image,image/jpeg,Bare feet resting on a sofa in a bright minimalist living room,2026-07-25T06:51:46
910,molosoc_ritual_vanity_cream-scaled.jpg,https://staging.molosoc.com/wp-content/uploads/2026/07/molosoc_ritual_vanity_cream-scaled.jpg,image,image/jpeg,Person applying cream to bare legs and feet at a bathroom vanity bench,2026-07-25T06:51:36
909,molosoc_ritual_hallway_walk-scaled.jpg,https://staging.molosoc.com/wp-content/uploads/2026/07/molosoc_ritual_hallway_walk-scaled.jpg,image,image/jpeg,Bare legs walking barefoot down a sunlit minimalist hallway,2026-07-25T06:51:27
908,hero_collection_03_relaxing-scaled.jpg,https://staging.molosoc.com/wp-content/uploads/2026/07/hero_collection_03_relaxing-scaled.jpg,image,image/jpeg,"Bare feet in cream linen trousers resting on a woven wool rug beside an oak-framed sofa, bright minimalist living room with a dried-flower arrangement in the background",2026-07-24T21:28:56
907,hero_collection_02_cream-scaled.jpg,https://staging.molosoc.com/wp-content/uploads/2026/07/hero_collection_02_cream-scaled.jpg,image,image/jpeg,Hands massaging cream into a foot on white linen in a bright bedroom,2026-07-24T21:28:47
906,hero_collection_05_wellness-scaled.jpg,https://staging.molosoc.com/wp-content/uploads/2026/07/hero_collection_05_wellness-scaled.jpg,image,image/jpeg,"Still-life bathroom shelf scene by a window: small white ceramic bowl and a draped white linen cloth on a pale stone counter, floating oak drawer below, blurred garden visible outside — no feet in frame",2026-07-24T21:28:38
905,Molosoc-Real-3-months-results-1.jpg,https://staging.molosoc.com/wp-content/uploads/2026/07/Molosoc-Real-3-months-results-1.jpg,image,image/jpeg,"Real 3-month before/after result, no filters",2026-07-24T21:09:40
904,homepage_04_bedroom_blanket-scaled.jpg,https://staging.molosoc.com/wp-content/uploads/2026/07/homepage_04_bedroom_blanket-scaled.jpg,image,image/jpeg,Bare feet peeking out from under a cream blanket in a serene bedroom,2026-07-24T20:37:21
903,homepage_03_livingroom_footrest-scaled.jpg,https://staging.molosoc.com/wp-content/uploads/2026/07/homepage_03_livingroom_footrest-scaled.jpg,image,image/jpeg,Bare feet up on a wooden side table in a calm minimalist living room,2026-07-24T20:37:13
902,homepage_01_bathroom_bench-scaled.jpg,https://staging.molosoc.com/wp-content/uploads/2026/07/homepage_01_bathroom_bench-scaled.jpg,image,image/jpeg,Bare feet resting on a linen bench in a sunlit minimalist bathroom hallway,2026-07-24T20:37:04
901,Molosoc-Product-Standing-Compress.png,https://staging.molosoc.com/wp-content/uploads/2026/07/Molosoc-Product-Standing-Compress.png,image,image/png,"Product shot: white Molosoc silicone foot cover standing upright, side profile, on a plain white background — embossed ""M"" logo at the ankle and textured grip dots on the sole",2026-07-24T15:38:38
899,hero_pair_white_env.jpg,https://staging.molosoc.com/wp-content/uploads/2026/07/hero_pair_white_env.jpg,image,image/jpeg,,2026-07-24T14:54:10
898,hero_pair_bedroom.jpg,https://staging.molosoc.com/wp-content/uploads/2026/07/hero_pair_bedroom.jpg,image,image/jpeg,,2026-07-24T14:54:04
897,hero_pair_scandi.jpg,https://staging.molosoc.com/wp-content/uploads/2026/07/hero_pair_scandi.jpg,image,image/jpeg,,2026-07-24T14:53:58
896,molosoc_gift_healing.jpg,https://staging.molosoc.com/wp-content/uploads/2026/07/molosoc_gift_healing.jpg,image,image/jpeg,,2026-07-24T14:53:54
895,molosoc_gift_healing_v2.jpg,https://staging.molosoc.com/wp-content/uploads/2026/07/molosoc_gift_healing_v2.jpg,image,image/jpeg,,2026-07-24T14:53:51
894,molosoc_pack_env2.jpg,https://staging.molosoc.com/wp-content/uploads/2026/07/molosoc_pack_env2.jpg,image,image/jpeg,,2026-07-24T14:53:48
893,molosoc_pack_env1.jpg,https://staging.molosoc.com/wp-content/uploads/2026/07/molosoc_pack_env1.jpg,image,image/jpeg,,2026-07-24T14:53:45
892,molosoc_pack_env3.jpg,https://staging.molosoc.com/wp-content/uploads/2026/07/molosoc_pack_env3.jpg,image,image/jpeg,,2026-07-24T14:53:43
891,molosoc_pack_gift_v2.jpg,https://staging.molosoc.com/wp-content/uploads/2026/07/molosoc_pack_gift_v2.jpg,image,image/jpeg,,2026-07-24T14:53:40
890,molosoc_pack_gift_v3.jpg,https://staging.molosoc.com/wp-content/uploads/2026/07/molosoc_pack_gift_v3.jpg,image,image/jpeg,,2026-07-24T14:53:36
889,molosoc_pack_gift.jpg,https://staging.molosoc.com/wp-content/uploads/2026/07/molosoc_pack_gift.jpg,image,image/jpeg,,2026-07-24T14:53:33
888,molosoc_salt_cave.jpg,https://staging.molosoc.com/wp-content/uploads/2026/07/molosoc_salt_cave.jpg,image,image/jpeg,,2026-07-24T14:53:28
887,molosoc_product_only.jpg,https://staging.molosoc.com/wp-content/uploads/2026/07/molosoc_product_only.jpg,image,image/jpeg,,2026-07-24T14:53:20
886,molosoc_product_with_pack.jpg,https://staging.molosoc.com/wp-content/uploads/2026/07/molosoc_product_with_pack.jpg,image,image/jpeg,,2026-07-24T14:53:13
885,molosoc_white_bamboo.jpg,https://staging.molosoc.com/wp-content/uploads/2026/07/molosoc_white_bamboo.jpg,image,image/jpeg,,2026-07-24T14:53:08
884,molosoc_two_sizes_env.jpg,https://staging.molosoc.com/wp-content/uploads/2026/07/molosoc_two_sizes_env.jpg,image,image/jpeg,,2026-07-24T14:53:03
883,molosoc_two_sizes_env2.jpg,https://staging.molosoc.com/wp-content/uploads/2026/07/molosoc_two_sizes_env2.jpg,image,image/jpeg,,2026-07-24T14:52:57
882,molosoc_elegant_white_pair.jpg,https://staging.molosoc.com/wp-content/uploads/2026/07/molosoc_elegant_white_pair.jpg,image,image/jpeg,,2026-07-24T14:52:23
881,molosoc_mirrored_tropical.jpg,https://staging.molosoc.com/wp-content/uploads/2026/07/molosoc_mirrored_tropical.jpg,image,image/jpeg,,2026-07-24T14:52:20
880,hero_pair_bamboo.jpg,https://staging.molosoc.com/wp-content/uploads/2026/07/hero_pair_bamboo.jpg,image,image/jpeg,,2026-07-24T14:52:14
878,homepage_03_bathroom_shelf.jpg,https://staging.molosoc.com/wp-content/uploads/2026/07/homepage_03_bathroom_shelf.jpg,image,image/jpeg,,2026-07-24T14:45:50
877,category_02_washing.jpg,https://staging.molosoc.com/wp-content/uploads/2026/07/category_02_washing.jpg,image,image/jpeg,"Hands rinsing a cream-colored reusable cloth cover under running water at a bathroom sink, bar of soap and a wooden brush nearby",2026-07-24T14:45:39
876,pillar2_01_soaking.jpg,https://staging.molosoc.com/wp-content/uploads/2026/07/pillar2_01_soaking.jpg,image,image/jpeg,,2026-07-24T14:45:32
875,pillar1_03_sandals.jpg,https://staging.molosoc.com/wp-content/uploads/2026/07/pillar1_03_sandals.jpg,image,image/jpeg,,2026-07-24T14:45:23
874,category_01_drawers.jpg,https://staging.molosoc.com/wp-content/uploads/2026/07/category_01_drawers.jpg,image,image/jpeg,"Two bathroom drawers side by side: one crowded with torn single-use sachet packets and a tangled cable, the other holding a folded cloth, a wooden cream tube, and a tidy drawstring pouch",2026-07-24T14:45:15
873,pillar4_01_wool_socks.jpg,https://staging.molosoc.com/wp-content/uploads/2026/07/pillar4_01_wool_socks.jpg,image,image/jpeg,,2026-07-24T14:45:06
872,pillar2_02_trimming.jpg,https://staging.molosoc.com/wp-content/uploads/2026/07/pillar2_02_trimming.jpg,image,image/jpeg,,2026-07-24T14:44:57
871,seasonal_03_winter.jpg,https://staging.molosoc.com/wp-content/uploads/2026/07/seasonal_03_winter.jpg,image,image/jpeg,,2026-07-24T14:44:49
870,homepage_01_bathmat.jpg,https://staging.molosoc.com/wp-content/uploads/2026/07/homepage_01_bathmat.jpg,image,image/jpeg,,2026-07-24T14:44:42
869,pillar3_02_pumice.jpg,https://staging.molosoc.com/wp-content/uploads/2026/07/pillar3_02_pumice.jpg,image,image/jpeg,,2026-07-24T14:44:33
868,persona4_02_giving_gift.jpg,https://staging.molosoc.com/wp-content/uploads/2026/07/persona4_02_giving_gift.jpg,image,image/jpeg,,2026-07-24T14:44:24
867,pillar1_01_heels_floor.jpg,https://staging.molosoc.com/wp-content/uploads/2026/07/pillar1_01_heels_floor.jpg,image,image/jpeg,,2026-07-24T14:44:16
866,pillar5_01_drawer.jpg,https://staging.molosoc.com/wp-content/uploads/2026/07/pillar5_01_drawer.jpg,image,image/jpeg,,2026-07-24T14:44:07
865,pillar4_02_dry_skin.jpg,https://staging.molosoc.com/wp-content/uploads/2026/07/pillar4_02_dry_skin.jpg,image,image/jpeg,,2026-07-24T14:43:59
864,seasonal_02_postsummer.jpg,https://staging.molosoc.com/wp-content/uploads/2026/07/seasonal_02_postsummer.jpg,image,image/jpeg,,2026-07-24T14:43:50
863,persona4_01_gift_box.jpg,https://staging.molosoc.com/wp-content/uploads/2026/07/persona4_01_gift_box.jpg,image,image/jpeg,,2026-07-24T14:43:42
862,pillar5_02_squeezing.jpg,https://staging.molosoc.com/wp-content/uploads/2026/07/pillar5_02_squeezing.jpg,image,image/jpeg,,2026-07-24T14:43:33
861,pillar4_03_radiator.jpg,https://staging.molosoc.com/wp-content/uploads/2026/07/pillar4_03_radiator.jpg,image,image/jpeg,,2026-07-24T14:43:24
860,category_03_flatlay.jpg,https://staging.molosoc.com/wp-content/uploads/2026/07/category_03_flatlay.jpg,image,image/jpeg,"Overhead flat-lay on linen: a stacked ceramic cream jar, a dropper bottle, a folded towel, a reusable cotton pad, and a sprig of dried lavender in soft window light",2026-07-24T14:43:16
859,pillar3_03_texture.jpg,https://staging.molosoc.com/wp-content/uploads/2026/07/pillar3_03_texture.jpg,image,image/jpeg,,2026-07-24T14:43:06
858,persona3_01_painted_nails.jpg,https://staging.molosoc.com/wp-content/uploads/2026/07/persona3_01_painted_nails.jpg,image,image/jpeg,,2026-07-24T14:42:58
857,pillar1_02_bed_checking.jpg,https://staging.molosoc.com/wp-content/uploads/2026/07/pillar1_02_bed_checking.jpg,image,image/jpeg,,2026-07-24T14:42:50
856,homepage_04_couch_evening.jpg,https://staging.molosoc.com/wp-content/uploads/2026/07/homepage_04_couch_evening.jpg,image,image/jpeg,,2026-07-24T14:42:43
855,pillar3_01_foot_file.jpg,https://staging.molosoc.com/wp-content/uploads/2026/07/pillar3_01_foot_file.jpg,image,image/jpeg,,2026-07-24T14:42:34
854,seasonal_01_presummer.jpg,https://staging.molosoc.com/wp-content/uploads/2026/07/seasonal_01_presummer.jpg,image,image/jpeg,,2026-07-24T14:42:26
853,persona3_02_diy_pedicure.jpg,https://staging.molosoc.com/wp-content/uploads/2026/07/persona3_02_diy_pedicure.jpg,image,image/jpeg,,2026-07-24T14:42:17
852,pillar2_03_elevated.jpg,https://staging.molosoc.com/wp-content/uploads/2026/07/pillar2_03_elevated.jpg,image,image/jpeg,,2026-07-24T14:42:08
851,homepage_02_cream_massage.jpg,https://staging.molosoc.com/wp-content/uploads/2026/07/homepage_02_cream_massage.jpg,image,image/jpeg,,2026-07-24T14:42:05
850,pillar5_03_nightstand.jpg,https://staging.molosoc.com/wp-content/uploads/2026/07/pillar5_03_nightstand.jpg,image,image/jpeg,,2026-07-24T14:41:58
848,Molosoc-Real-3-months-results.jpg,https://staging.molosoc.com/wp-content/uploads/2026/07/Molosoc-Real-3-months-results.jpg,image,image/jpeg,,2026-07-23T15:35:33
789,MOLOSOC-Logo-TM.png,https://staging.molosoc.com/wp-content/uploads/2026/06/MOLOSOC-Logo-TM.png,image,image/png,,2026-06-10T15:32:31
788,Molosoc-Photos-Product-New-VariationBrush.jpg,https://staging.molosoc.com/wp-content/uploads/2026/06/Molosoc-Photos-Product-New-VariationBrush.jpg,image,image/jpeg,,2026-06-10T15:31:49
787,Molosoc-Photos-Product-New-VariationCotton.jpg,https://staging.molosoc.com/wp-content/uploads/2026/06/Molosoc-Photos-Product-New-VariationCotton.jpg,image,image/jpeg,,2026-06-10T15:31:18
780,Molosoc-Recenze-1.jpg,https://staging.molosoc.com/wp-content/uploads/2026/06/Molosoc-Recenze-1.jpg,image,image/jpeg,,2026-06-02T09:10:10
743,Molosoc-popraskane-paty-reseni.png,https://staging.molosoc.com/wp-content/uploads/2026/05/Molosoc-popraskane-paty-reseni.png,image,image/png,,2026-05-20T09:59:45
742,Molosoc-zarostle-nehty-reseni.png,https://staging.molosoc.com/wp-content/uploads/2026/05/Molosoc-zarostle-nehty-reseni.png,image,image/png,,2026-05-20T09:59:24
741,Molosoc-zcernale-nehty-uzdraveni.png,https://staging.molosoc.com/wp-content/uploads/2026/05/Molosoc-zcernale-nehty-uzdraveni.png,image,image/png,,2026-05-20T09:59:10
732,Compare-Molosoc-Nails.jpg,https://staging.molosoc.com/wp-content/uploads/2026/05/Compare-Molosoc-Nails.jpg,image,image/jpeg,,2026-05-18T10:02:47
731,molosoc_how-to-eliminate-dark-nails.png,https://staging.molosoc.com/wp-content/uploads/2026/05/molosoc_how-to-eliminate-dark-nails.png,image,image/png,,2026-05-18T10:01:04
730,molosoc_how-to-fix-caracked-heals.png,https://staging.molosoc.com/wp-content/uploads/2026/05/molosoc_how-to-fix-caracked-heals.png,image,image/png,,2026-05-18T10:00:50
666,Molosoc-Product-Shot-Sizes.jpg,https://staging.molosoc.com/wp-content/uploads/2026/04/Molosoc-Product-Shot-Sizes.jpg,image,image/jpeg,,2026-04-17T13:06:05
640,Molosoc-Photos-Product-Hero-New-White.jpg,https://staging.molosoc.com/wp-content/uploads/2026/04/Molosoc-Photos-Product-Hero-New-White.jpg,image,image/jpeg,,2026-04-08T11:10:27
639,Molosoc-Photos-Product-New-Sofa-2.jpg,https://staging.molosoc.com/wp-content/uploads/2026/04/Molosoc-Photos-Product-New-Sofa-2.jpg,image,image/jpeg,,2026-04-08T11:10:22
638,Molosoc-Photos-Product-Hero-New-Baige.jpg,https://staging.molosoc.com/wp-content/uploads/2026/04/Molosoc-Photos-Product-Hero-New-Baige.jpg,image,image/jpeg,,2026-04-08T11:10:16
625,Molosoc-Product-Shot-5.jpg,https://staging.molosoc.com/wp-content/uploads/2026/03/Molosoc-Product-Shot-5.jpg,image,image/jpeg,,2026-04-05T16:14:00
617,Molosoc-Product-Shot-2.jpg,https://staging.molosoc.com/wp-content/uploads/2026/04/Molosoc-Product-Shot-2.jpg,image,image/jpeg,,2026-04-05T10:23:20
614,Molosoc-Product-Shot-3.jpg,https://staging.molosoc.com/wp-content/uploads/2026/04/Molosoc-Product-Shot-3.jpg,image,image/jpeg,,2026-04-05T10:18:05
613,Molosoc-Product-Shot-4.jpg,https://staging.molosoc.com/wp-content/uploads/2026/04/Molosoc-Product-Shot-4.jpg,image,image/jpeg,,2026-04-05T10:18:01
612,Molosoc-Photos-Product-New-VariationCream-Ok.jpg,https://staging.molosoc.com/wp-content/uploads/2026/04/Molosoc-Photos-Product-New-VariationCream-Ok.jpg,image,image/jpeg,,2026-04-05T10:17:58
611,Molosoc-Photos-Product-New-Apply-Cream-Ok.jpg,https://staging.molosoc.com/wp-content/uploads/2026/04/Molosoc-Photos-Product-New-Apply-Cream-Ok.jpg,image,image/jpeg,,2026-04-05T10:17:52
610,Molosoc-Product-Shot-1.jpg,https://staging.molosoc.com/wp-content/uploads/2026/04/Molosoc-Product-Shot-1.jpg,image,image/jpeg,,2026-04-05T10:17:41
584,Molosoc-Photos-Product-New-Apply-Cream-2.jpg,https://staging.molosoc.com/wp-content/uploads/2026/04/Molosoc-Photos-Product-New-Apply-Cream-2.jpg,image,image/jpeg,,2026-04-04T19:48:16
578,MOLOSOC_Product-Alone-Packed-White-scaled.jpg,https://staging.molosoc.com/wp-content/uploads/2026/03/MOLOSOC_Product-Alone-Packed-White-scaled.jpg,image,image/jpeg,,2026-04-04T18:58:59
558,MOLOSOC_logo_only-White.png,https://staging.molosoc.com/wp-content/uploads/2026/04/MOLOSOC_logo_only-White.png,image,image/png,,2026-04-04T17:24:10
538,Molosoc-Photos-Product-Mami-Sofa.jpg,https://staging.molosoc.com/wp-content/uploads/2026/04/Molosoc-Photos-Product-Mami-Sofa.jpg,image,image/jpeg,,2026-04-04T14:19:20
537,Molosoc-Photos-Product-Holdind-It-First-Time-WBG.jpg,https://staging.molosoc.com/wp-content/uploads/2026/04/Molosoc-Photos-Product-Holdind-It-First-Time-WBG.jpg,image,image/jpeg,,2026-04-04T14:19:16
446,Molosoc-Photos-Product-New-Sizes-WBG-1.jpg,https://staging.molosoc.com/wp-content/uploads/2026/04/Molosoc-Photos-Product-New-Sizes-WBG-1.jpg,image,image/jpeg,,2026-04-03T17:34:23
444,Molosoc-Photos-Product-New-Sizes-WBG.jpg,https://staging.molosoc.com/wp-content/uploads/2026/04/Molosoc-Photos-Product-New-Sizes-WBG.jpg,image,image/jpeg,,2026-04-03T17:02:35
442,hero-bg-v2-nqbEYtifYWW4XirFSK5h8z.webp,https://staging.molosoc.com/wp-content/uploads/2026/04/hero-bg-v2-nqbEYtifYWW4XirFSK5h8z.webp,image,image/webp,,2026-04-03T16:34:44
441,MOLOSOC_logo_only-copy.png,https://staging.molosoc.com/wp-content/uploads/2026/04/MOLOSOC_logo_only-copy.png,image,image/png,,2026-04-03T16:14:46
440,Molosoc-Photos-Product-New-Sofa.jpg,https://staging.molosoc.com/wp-content/uploads/2026/04/Molosoc-Photos-Product-New-Sofa.jpg,image,image/jpeg,,2026-04-03T16:11:16
439,Molosoc-Photos-Product-New-Studio.jpg,https://staging.molosoc.com/wp-content/uploads/2026/04/Molosoc-Photos-Product-New-Studio.jpg,image,image/jpeg,,2026-04-03T16:11:12
438,Molosoc-Photos-Product-New-Apply-Cream.jpg,https://staging.molosoc.com/wp-content/uploads/2026/04/Molosoc-Photos-Product-New-Apply-Cream.jpg,image,image/jpeg,,2026-04-03T16:11:09
437,Molosoc-Photos-Product-New-Sizes.png,https://staging.molosoc.com/wp-content/uploads/2026/04/Molosoc-Photos-Product-New-Sizes.png,image,image/png,,2026-04-03T16:11:06
436,Molosoc-Photos-Product-New-Product.png,https://staging.molosoc.com/wp-content/uploads/2026/04/Molosoc-Photos-Product-New-Product.png,image,image/png,,2026-04-03T16:11:01
435,Molosoc-Photos-Product-New-VariationCream.jpg,https://staging.molosoc.com/wp-content/uploads/2026/04/Molosoc-Photos-Product-New-VariationCream.jpg,image,image/jpeg,,2026-04-03T16:10:57
434,Molosoc-Photos-Product-Hero-New-1.jpg,https://staging.molosoc.com/wp-content/uploads/2026/04/Molosoc-Photos-Product-Hero-New-1.jpg,image,image/jpeg,,2026-04-03T16:10:52
415,paticka-web-svetle.png,https://staging.molosoc.com/wp-content/uploads/2026/03/paticka-web-svetle.png,image,image/png,,2026-03-27T19:04:20
371,Copia-de-Moisture-Lock-Nitrile-Foot-Covers-Image-Molosoc-Male-Family-Wearing.jpg,https://staging.molosoc.com/wp-content/uploads/2026/03/Copia-de-Moisture-Lock-Nitrile-Foot-Covers-Image-Molosoc-Male-Family-Wearing.jpg,image,image/jpeg,,2026-03-24T19:55:58
357,woocommerce-placeholder.webp,https://staging.molosoc.com/wp-content/uploads/woocommerce-placeholder.webp,image,image/webp,,2026-03-23T12:01:50
324,MOLOSOC-Go-To-Market-Growth-Plan-.pdf,https://staging.molosoc.com/wp-content/uploads/2026/02/MOLOSOC-Go-To-Market-Growth-Plan-.pdf,file,application/pdf,,2026-02-20T13:16:50
263,Moisture-Lock-Nitrile-Foot-Covers-New-Image.jpg,https://staging.molosoc.com/wp-content/uploads/2026/01/Moisture-Lock-Nitrile-Foot-Covers-New-Image.jpg,image,image/jpeg,,2026-01-22T15:28:23
259,Molosoc-Z-holding-Molosoc.jpg,https://staging.molosoc.com/wp-content/uploads/2026/01/Molosoc-Z-holding-Molosoc.jpg,image,image/jpeg,,2026-01-22T15:03:38
230,Molosoc-Maminka-spokojena.jpg,https://staging.molosoc.com/wp-content/uploads/2026/01/Molosoc-Maminka-spokojena.jpg,image,image/jpeg,,2026-01-21T12:52:09
180,Molosoc-Opening-Package-Mami.jpg,https://staging.molosoc.com/wp-content/uploads/2026/01/Molosoc-Opening-Package-Mami.jpg,image,image/jpeg,,2026-01-20T13:28:04
179,Molosoc-Eating-Mami.jpg,https://staging.molosoc.com/wp-content/uploads/2026/01/Molosoc-Eating-Mami.jpg,image,image/jpeg,,2026-01-20T13:28:03
178,Molosoc-Sofa-Mami.jpg,https://staging.molosoc.com/wp-content/uploads/2026/01/Molosoc-Sofa-Mami.jpg,image,image/jpeg,,2026-01-20T13:28:02
177,Molosoc-Kitchen-Mami-1.jpg,https://staging.molosoc.com/wp-content/uploads/2026/01/Molosoc-Kitchen-Mami-1.jpg,image,image/jpeg,,2026-01-20T13:28:01
176,Moisture-Lock-Nitrile-Foot-Covers-3.jpg,https://staging.molosoc.com/wp-content/uploads/2026/01/Moisture-Lock-Nitrile-Foot-Covers-3.jpg,image,image/jpeg,,2026-01-20T13:28:01
175,MOLOSOC_logo_only-copy-3.jpg,https://staging.molosoc.com/wp-content/uploads/2026/01/MOLOSOC_logo_only-copy-3.jpg,image,image/jpeg,,2026-01-20T13:28:00
169,Moisture-Lock-Nitrile-Foot-Covers-Image-Molosoc-Clean-feet-2-2.jpg,https://staging.molosoc.com/wp-content/uploads/2026/01/Moisture-Lock-Nitrile-Foot-Covers-Image-Molosoc-Clean-feet-2-2.jpg,image,image/jpeg,,2026-01-20T13:25:34
168,MOLOSOC-Before-After-Toes-Hydrated-2.jpg,https://staging.molosoc.com/wp-content/uploads/2026/01/MOLOSOC-Before-After-Toes-Hydrated-2.jpg,image,image/jpeg,,2026-01-20T13:25:34
167,MOLOSOC-Keep-Cream-In-Mess-Out1-1.jpg,https://staging.molosoc.com/wp-content/uploads/2026/01/MOLOSOC-Keep-Cream-In-Mess-Out1-1.jpg,image,image/jpeg,,2026-01-20T13:25:33
166,Moisture-Lock-Nitrile-Foot-Covers-Image-Molosoc-Male-Family-Wearing-2.jpg,https://staging.molosoc.com/wp-content/uploads/2026/01/Moisture-Lock-Nitrile-Foot-Covers-Image-Molosoc-Male-Family-Wearing-2.jpg,image,image/jpeg,,2026-01-20T13:25:33
165,Moisture-Lock-Nitrile-Foot-Covers-Image-Molosoc-Male-Enjoying-Music-2.jpg,https://staging.molosoc.com/wp-content/uploads/2026/01/Moisture-Lock-Nitrile-Foot-Covers-Image-Molosoc-Male-Enjoying-Music-2.jpg,image,image/jpeg,,2026-01-20T13:25:33
164,Moisture-Lock-Nitrile-Foot-Covers-Image-Molosoc-Female-Cooking-2.jpg,https://staging.molosoc.com/wp-content/uploads/2026/01/Moisture-Lock-Nitrile-Foot-Covers-Image-Molosoc-Female-Cooking-2.jpg,image,image/jpeg,,2026-01-20T13:25:33
163,Moisture-Lock-Nitrile-Foot-Covers-Image-Molosoc-Female-Resting-2.jpg,https://staging.molosoc.com/wp-content/uploads/2026/01/Moisture-Lock-Nitrile-Foot-Covers-Image-Molosoc-Female-Resting-2.jpg,image,image/jpeg,,2026-01-20T13:25:33
162,Moisture-Lock-Nitrile-Foot-Covers-Image-Molosoc-Female-Frustare-Sock-wearing-2.jpg,https://staging.molosoc.com/wp-content/uploads/2026/01/Moisture-Lock-Nitrile-Foot-Covers-Image-Molosoc-Female-Frustare-Sock-wearing-2.jpg,image,image/jpeg,,2026-01-20T13:25:33
161,Moisture-Lock-Nitrile-Foot-Covers-Image-Molosoc-Male-Frustare-Print-2.jpg,https://staging.molosoc.com/wp-content/uploads/2026/01/Moisture-Lock-Nitrile-Foot-Covers-Image-Molosoc-Male-Frustare-Print-2.jpg,image,image/jpeg,,2026-01-20T13:25:32
160,Moisture-Lock-Nitrile-Foot-Covers-Image-Molosoc-Feet-Oil-Floor-2.jpg,https://staging.molosoc.com/wp-content/uploads/2026/01/Moisture-Lock-Nitrile-Foot-Covers-Image-Molosoc-Feet-Oil-Floor-2.jpg,image,image/jpeg,,2026-01-20T13:25:31
159,Moisture-Lock-Nitrile-Foot-Covers-Image-Molosoc-Clean-feet-1.jpg,https://staging.molosoc.com/wp-content/uploads/2026/01/Moisture-Lock-Nitrile-Foot-Covers-Image-Molosoc-Clean-feet-1.jpg,image,image/jpeg,,2026-01-20T13:25:30
158,Moisture-Lock-Nitrile-Foot-Covers-Image-Molosoc-Cracked-feet-1.jpg,https://staging.molosoc.com/wp-content/uploads/2026/01/Moisture-Lock-Nitrile-Foot-Covers-Image-Molosoc-Cracked-feet-1.jpg,image,image/jpeg,,2026-01-20T13:25:30
157,Molosoc-Kitchen-Mami.jpg,https://staging.molosoc.com/wp-content/uploads/2026/01/Molosoc-Kitchen-Mami.jpg,image,image/jpeg,,2026-01-20T13:25:28
156,Moisture-Lock-Nitrile-Foot-Covers-2.jpg,https://staging.molosoc.com/wp-content/uploads/2026/01/Moisture-Lock-Nitrile-Foot-Covers-2.jpg,image,image/jpeg,,2026-01-20T13:25:28
155,MOLOSOC_logo_only-copy-2.jpg,https://staging.molosoc.com/wp-content/uploads/2026/01/MOLOSOC_logo_only-copy-2.jpg,image,image/jpeg,,2026-01-20T13:25:28
154,tve-lp-molosoc-calcetines-hydratantes.zip,https://staging.molosoc.com/wp-content/uploads/2026/01/tve-lp-molosoc-calcetines-hydratantes.zip,file,application/zip,,2026-01-20T13:25:25
148,Moisture-Lock-Nitrile-Foot-Covers-Image-Molosoc-Clean-feet-2-1.jpg,https://staging.molosoc.com/wp-content/uploads/2026/01/Moisture-Lock-Nitrile-Foot-Covers-Image-Molosoc-Clean-feet-2-1.jpg,image,image/jpeg,,2026-01-20T13:20:53
147,MOLOSOC-Before-After-Toes-Hydrated-1.jpg,https://staging.molosoc.com/wp-content/uploads/2026/01/MOLOSOC-Before-After-Toes-Hydrated-1.jpg,image,image/jpeg,,2026-01-20T13:20:53
146,MOLOSOC-Keep-Cream-In-Mess-Out.jpg,https://staging.molosoc.com/wp-content/uploads/2026/01/MOLOSOC-Keep-Cream-In-Mess-Out.jpg,image,image/jpeg,,2026-01-20T13:20:52
145,Moisture-Lock-Nitrile-Foot-Covers-Image-Molosoc-Male-Family-Wearing-1.jpg,https://staging.molosoc.com/wp-content/uploads/2026/01/Moisture-Lock-Nitrile-Foot-Covers-Image-Molosoc-Male-Family-Wearing-1.jpg,image,image/jpeg,,2026-01-20T13:20:52
144,Moisture-Lock-Nitrile-Foot-Covers-Image-Molosoc-Male-Enjoying-Music-1.jpg,https://staging.molosoc.com/wp-content/uploads/2026/01/Moisture-Lock-Nitrile-Foot-Covers-Image-Molosoc-Male-Enjoying-Music-1.jpg,image,image/jpeg,,2026-01-20T13:20:52
143,Moisture-Lock-Nitrile-Foot-Covers-Image-Molosoc-Female-Cooking-1.jpg,https://staging.molosoc.com/wp-content/uploads/2026/01/Moisture-Lock-Nitrile-Foot-Covers-Image-Molosoc-Female-Cooking-1.jpg,image,image/jpeg,,2026-01-20T13:20:52
142,Moisture-Lock-Nitrile-Foot-Covers-Image-Molosoc-Female-Resting-1.jpg,https://staging.molosoc.com/wp-content/uploads/2026/01/Moisture-Lock-Nitrile-Foot-Covers-Image-Molosoc-Female-Resting-1.jpg,image,image/jpeg,,2026-01-20T13:20:52
141,Moisture-Lock-Nitrile-Foot-Covers-Image-Molosoc-Female-Frustare-Sock-wearing-1.jpg,https://staging.molosoc.com/wp-content/uploads/2026/01/Moisture-Lock-Nitrile-Foot-Covers-Image-Molosoc-Female-Frustare-Sock-wearing-1.jpg,image,image/jpeg,,2026-01-20T13:20:52
140,Moisture-Lock-Nitrile-Foot-Covers-Image-Molosoc-Male-Frustare-Print-1.jpg,https://staging.molosoc.com/wp-content/uploads/2026/01/Moisture-Lock-Nitrile-Foot-Covers-Image-Molosoc-Male-Frustare-Print-1.jpg,image,image/jpeg,,2026-01-20T13:20:51
139,Moisture-Lock-Nitrile-Foot-Covers-Image-Molosoc-Feet-Oil-Floor-1.jpg,https://staging.molosoc.com/wp-content/uploads/2026/01/Moisture-Lock-Nitrile-Foot-Covers-Image-Molosoc-Feet-Oil-Floor-1.jpg,image,image/jpeg,,2026-01-20T13:20:50
138,Moisture-Lock-Nitrile-Foot-Covers-Image-Molosoc-Clean-feet.jpg,https://staging.molosoc.com/wp-content/uploads/2026/01/Moisture-Lock-Nitrile-Foot-Covers-Image-Molosoc-Clean-feet.jpg,image,image/jpeg,,2026-01-20T13:20:49
137,Moisture-Lock-Nitrile-Foot-Covers-Image-Molosoc-Cracked-feet.jpg,https://staging.molosoc.com/wp-content/uploads/2026/01/Moisture-Lock-Nitrile-Foot-Covers-Image-Molosoc-Cracked-feet.jpg,image,image/jpeg,,2026-01-20T13:20:49
136,Moisture-Lock-Nitrile-Foot-Covers-Image-Molosoc-Female-Foot-1.jpg,https://staging.molosoc.com/wp-content/uploads/2026/01/Moisture-Lock-Nitrile-Foot-Covers-Image-Molosoc-Female-Foot-1.jpg,image,image/jpeg,,2026-01-20T13:20:48
135,Moisture-Lock-Nitrile-Foot-Covers-1.jpg,https://staging.molosoc.com/wp-content/uploads/2026/01/Moisture-Lock-Nitrile-Foot-Covers-1.jpg,image,image/jpeg,,2026-01-20T13:20:48
134,MOLOSOC_logo_only-copy-1.jpg,https://staging.molosoc.com/wp-content/uploads/2026/01/MOLOSOC_logo_only-copy-1.jpg,image,image/jpeg,,2026-01-20T13:20:48
133,tve-lp-hydratacni-ponozky-molosoc.zip,https://staging.molosoc.com/wp-content/uploads/2026/01/tve-lp-hydratacni-ponozky-molosoc.zip,file,application/zip,,2026-01-20T13:20:29
132,tve-lp-cekaci-seznam.zip,https://staging.molosoc.com/wp-content/uploads/2026/01/tve-lp-cekaci-seznam.zip,file,application/zip,,2026-01-20T13:20:22
124,Moisture-Lock-Nitrile-Foot-Covers-Image-Molosoc-Clean-feet-2.jpg,https://staging.molosoc.com/wp-content/uploads/2026/01/Moisture-Lock-Nitrile-Foot-Covers-Image-Molosoc-Clean-feet-2.jpg,image,image/jpeg,,2026-01-20T13:09:21
123,MOLOSOC-Before-After-Toes-Hydrated.jpg,https://staging.molosoc.com/wp-content/uploads/2026/01/MOLOSOC-Before-After-Toes-Hydrated.jpg,image,image/jpeg,,2026-01-20T13:09:21
122,MOLOSOC-Keep-Cream-In-Mess-Out1.jpg,https://staging.molosoc.com/wp-content/uploads/2026/01/MOLOSOC-Keep-Cream-In-Mess-Out1.jpg,image,image/jpeg,,2026-01-20T13:09:20
121,Moisture-Lock-Nitrile-Foot-Covers-Image-Molosoc-Male-Enjoying-Sofa.jpg,https://staging.molosoc.com/wp-content/uploads/2026/01/Moisture-Lock-Nitrile-Foot-Covers-Image-Molosoc-Male-Enjoying-Sofa.jpg,image,image/jpeg,,2026-01-20T13:09:20
120,Moisture-Lock-Nitrile-Foot-Covers-Image-Molosoc-FeMale-Enjoying-Sofa.jpg,https://staging.molosoc.com/wp-content/uploads/2026/01/Moisture-Lock-Nitrile-Foot-Covers-Image-Molosoc-FeMale-Enjoying-Sofa.jpg,image,image/jpeg,,2026-01-20T13:09:20
119,Moisture-Lock-Nitrile-Foot-Covers-Image-Molosoc-Male-Family-Wearing.jpg,https://staging.molosoc.com/wp-content/uploads/2026/01/Moisture-Lock-Nitrile-Foot-Covers-Image-Molosoc-Male-Family-Wearing.jpg,image,image/jpeg,,2026-01-20T13:09:20
118,Moisture-Lock-Nitrile-Foot-Covers-Image-Molosoc-Male-Enjoying-Music.jpg,https://staging.molosoc.com/wp-content/uploads/2026/01/Moisture-Lock-Nitrile-Foot-Covers-Image-Molosoc-Male-Enjoying-Music.jpg,image,image/jpeg,,2026-01-20T13:09:19
117,Moisture-Lock-Nitrile-Foot-Covers-Image-Molosoc-Female-Cooking.jpg,https://staging.molosoc.com/wp-content/uploads/2026/01/Moisture-Lock-Nitrile-Foot-Covers-Image-Molosoc-Female-Cooking.jpg,image,image/jpeg,,2026-01-20T13:09:19
116,Moisture-Lock-Nitrile-Foot-Covers-Image-Molosoc-Female-Resting.jpg,https://staging.molosoc.com/wp-content/uploads/2026/01/Moisture-Lock-Nitrile-Foot-Covers-Image-Molosoc-Female-Resting.jpg,image,image/jpeg,,2026-01-20T13:09:19
115,Moisture-Lock-Nitrile-Foot-Covers-Image-Molosoc-Female-Frustare-Sock-wearing.jpg,https://staging.molosoc.com/wp-content/uploads/2026/01/Moisture-Lock-Nitrile-Foot-Covers-Image-Molosoc-Female-Frustare-Sock-wearing.jpg,image,image/jpeg,,2026-01-20T13:09:19
114,Moisture-Lock-Nitrile-Foot-Covers-Image-Molosoc-Male-Frustare-Print.jpg,https://staging.molosoc.com/wp-content/uploads/2026/01/Moisture-Lock-Nitrile-Foot-Covers-Image-Molosoc-Male-Frustare-Print.jpg,image,image/jpeg,,2026-01-20T13:09:19
113,Moisture-Lock-Nitrile-Foot-Covers-Image-Molosoc-Feet-Oil-Floor.jpg,https://staging.molosoc.com/wp-content/uploads/2026/01/Moisture-Lock-Nitrile-Foot-Covers-Image-Molosoc-Feet-Oil-Floor.jpg,image,image/jpeg,,2026-01-20T13:09:18
112,Moisture-Lock-Nitrile-Foot-Covers-Image-Molosoc-Clean-feet1.jpg,https://staging.molosoc.com/wp-content/uploads/2026/01/Moisture-Lock-Nitrile-Foot-Covers-Image-Molosoc-Clean-feet1.jpg,image,image/jpeg,,2026-01-20T13:09:17
111,Moisture-Lock-Nitrile-Foot-Covers-Image-Molosoc-Cracked-feet1.jpg,https://staging.molosoc.com/wp-content/uploads/2026/01/Moisture-Lock-Nitrile-Foot-Covers-Image-Molosoc-Cracked-feet1.jpg,image,image/jpeg,,2026-01-20T13:09:17
110,Moisture-Lock-Nitrile-Foot-Covers-Image-Molosoc-Female-Foot.jpg,https://staging.molosoc.com/wp-content/uploads/2026/01/Moisture-Lock-Nitrile-Foot-Covers-Image-Molosoc-Female-Foot.jpg,image,image/jpeg,,2026-01-20T13:09:16
109,Moisture-Lock-Nitrile-Foot-Covers.jpg,https://staging.molosoc.com/wp-content/uploads/2026/01/Moisture-Lock-Nitrile-Foot-Covers.jpg,image,image/jpeg,,2026-01-20T13:09:16
108,MOLOSOC_logo_only-copy.jpg,https://staging.molosoc.com/wp-content/uploads/2026/01/MOLOSOC_logo_only-copy.jpg,image,image/jpeg,,2026-01-20T13:09:16
107,tve-lp-molosoc-home-page-english.zip,https://staging.molosoc.com/wp-content/uploads/2026/01/tve-lp-molosoc-home-page-english.zip,file,application/zip,,2026-01-20T13:09:11
93,random_image_696f7b49354884.75682312.jpg,https://staging.molosoc.com/wp-content/uploads/thrive-theme/images/random_image_696f7b49354884.75682312.jpg,image,image/jpeg,,2026-01-20T12:55:37
65,cropped-MOLOSOC-Logo-TM.png,https://staging.molosoc.com/wp-content/uploads/2026/01/cropped-MOLOSOC-Logo-TM.png,image,image/png,Molosoc Logo Moisture lock sock,2026-01-20T12:49:54
64,MOLOSOC-Logo-TM.png,https://staging.molosoc.com/wp-content/uploads/2026/01/MOLOSOC-Logo-TM.png,image,image/png,Molosoc Logo Moisture lock sock,2026-01-20T12:49:31
58,Powerful-woman-dating-advice.png,https://staging.molosoc.com/wp-content/uploads/2018/12/Powerful-woman-dating-advice.png,image,image/png,Powerful and Classy woman giving dating advice,2018-12-30T13:41:49
36,Background-5-secrets-every-woman-must-know.jpg,https://staging.molosoc.com/wp-content/uploads/2018/12/Background-5-secrets-every-woman-must-know.jpg,image,image/jpeg,,2018-12-16T17:30:46
35,Classy-woman-background-scaled.jpg,https://staging.molosoc.com/wp-content/uploads/2018/12/Classy-woman-background-scaled.jpg,image,image/jpeg,,2018-12-16T17:22:44
34,Cover-5-secrets-every-woman-must-know-alone.jpg,https://staging.molosoc.com/wp-content/uploads/2018/12/Cover-5-secrets-every-woman-must-know-alone.jpg,image,image/jpeg,5 Secrets every woman must know cover main,2018-12-16T17:21:31
27,Logo-Small-Powerful-and-classy-woman-copy.png,https://staging.molosoc.com/wp-content/uploads/2018/12/Logo-Small-Powerful-and-classy-woman-copy.png,image,image/png,Powerful and Classy Woman Logo,2018-12-07T00:42:41
