filename,wp_media_url,asset_type,page/section,persona,description,usage_notes
Molosoc-Product-Standing-Compress.png,https://staging.molosoc.com/wp-content/uploads/2026/07/Molosoc-Product-Standing-Compress.png,isolated-product-cutout,"Product page / Hero, or any section needing a flexible product graphic",—,"Single Molosoc cover, standing alone, no lifestyle scene around it - a clean product cutout rather than a photographed environment.","FLEXIBLE ASSET - not a fixed scene. Because it's isolated (plain/transparent background, no props), it can be resized up or down without breaking composition, layered next to or behind text, dropped into hero banners, used in interactive/animated components, or placed in a UI card without visual clutter competing with the copy. Treat this differently from the lifestyle photos below - those are meant to be shown as-is, this one is meant to be a building block."
homepage_01_bathmat.jpg,https://staging.molosoc.com/wp-content/uploads/2026/07/homepage_01_bathmat.jpg,lifestyle-scene,Homepage / Hero,—,Bare feet resting on a soft bathmat in a sunlit bathroom.,Fixed scene - full environment/composition already baked in. Use as-is; not meant for overlay compositing.
homepage_02_cream_massage.jpg,https://staging.molosoc.com/wp-content/uploads/2026/07/homepage_02_cream_massage.jpg,lifestyle-scene,Homepage / Brand pillars,—,Close-up of hands massaging cream into a heel.,Fixed scene - use as-is.
homepage_03_bathroom_shelf.jpg,https://staging.molosoc.com/wp-content/uploads/2026/07/homepage_03_bathroom_shelf.jpg,lifestyle-scene,Homepage / Brand pillars,—,Bathroom shelf with a few skincare bottles, lived-in feel.,Fixed scene - use as-is.
homepage_04_couch_evening.jpg,https://staging.molosoc.com/wp-content/uploads/2026/07/homepage_04_couch_evening.jpg,lifestyle-scene,Homepage / Brand pillars,—,Feet up on a couch under a blanket, evening wind-down mood.,Fixed scene - use as-is. Near-duplicate concept to lifestyle_sofa_feet (social-only asset).
category_01_drawers.jpg,https://staging.molosoc.com/wp-content/uploads/2026/07/category_01_drawers.jpg,lifestyle-scene,Category page / Disposable vs reusable,—,Two contrasting drawers - messy single-use sachets vs. tidy reusable item.,Fixed scene - use as-is; core visual for the reusable-vs-disposable argument.
category_02_washing.jpg,https://staging.molosoc.com/wp-content/uploads/2026/07/category_02_washing.jpg,lifestyle-scene,Category page / Cream-agnostic,—,Hands washing a soft reusable item in a sink.,Fixed scene - use as-is.
category_03_flatlay.jpg,https://staging.molosoc.com/wp-content/uploads/2026/07/category_03_flatlay.jpg,flatlay,Category page / Mechanism,—,Overhead flat-lay of a minimal skincare routine.,Fixed scene - use as-is. This is the flatlay actually chosen for the live category page (other flatlay variants are social-only).
pillar1_01_heels_floor.jpg,https://staging.molosoc.com/wp-content/uploads/2026/07/pillar1_01_heels_floor.jpg,lifestyle-scene,Pillar 1 Cracked Heels / Hero,Persona 2,Close-up of bare heels on a wooden floor.,Fixed scene - use as-is.
pillar1_02_bed_checking.jpg,https://staging.molosoc.com/wp-content/uploads/2026/07/pillar1_02_bed_checking.jpg,lifestyle-scene,Pillar 1 Cracked Heels / What causes it,Persona 2,Person checking their heel, seated on edge of bed.,Fixed scene - use as-is.
pillar1_03_sandals.jpg,https://staging.molosoc.com/wp-content/uploads/2026/07/pillar1_03_sandals.jpg,lifestyle-scene,Pillar 1 Cracked Heels / Seasonal tie-in,Persona 2,Feet stepping out of sandals onto pavement, late-summer light.,Fixed scene - use as-is.
pillar2_01_soaking.jpg,https://staging.molosoc.com/wp-content/uploads/2026/07/pillar2_01_soaking.jpg,lifestyle-scene,Pillar 2 Ingrown Toenails / Hero,Persona 2,Feet soaking in a small basin, steam rising, spa-like calm.,Fixed scene - use as-is.
pillar2_02_trimming.jpg,https://staging.molosoc.com/wp-content/uploads/2026/07/pillar2_02_trimming.jpg,lifestyle-scene,Pillar 2 Ingrown Toenails / What causes it,Persona 2,Hands trimming toenails carefully at a bathroom sink.,Fixed scene - use as-is.
pillar2_03_elevated.jpg,https://staging.molosoc.com/wp-content/uploads/2026/07/pillar2_03_elevated.jpg,lifestyle-scene,Pillar 2 Ingrown Toenails / Relief mood,Persona 2,Feet resting on a cushioned stool, elevated, relief mood.,Fixed scene - use as-is.
pillar3_01_foot_file.jpg,https://staging.molosoc.com/wp-content/uploads/2026/07/pillar3_01_foot_file.jpg,lifestyle-scene,Pillar 3 Hardened Skin / Hero,Persona 2,Foot file resting beside bare feet on a towel.,Fixed scene - use as-is.
pillar3_02_pumice.jpg,https://staging.molosoc.com/wp-content/uploads/2026/07/pillar3_02_pumice.jpg,lifestyle-scene,Pillar 3 Hardened Skin / Soaking,Persona 2,Feet soaking with a pumice stone nearby.,Fixed scene - use as-is.
pillar3_03_texture.jpg,https://staging.molosoc.com/wp-content/uploads/2026/07/pillar3_03_texture.jpg,lifestyle-scene,Pillar 3 Hardened Skin / Before-after texture,Persona 2,Close-up documentary-style shot of heel texture.,Fixed scene - use as-is.
pillar4_01_wool_socks.jpg,https://staging.molosoc.com/wp-content/uploads/2026/07/pillar4_01_wool_socks.jpg,lifestyle-scene,Pillar 4 Dry Skin / Hero,Persona 2,Feet in cozy wool socks by a window, winter light.,Fixed scene - use as-is.
pillar4_02_dry_skin.jpg,https://staging.molosoc.com/wp-content/uploads/2026/07/pillar4_02_dry_skin.jpg,lifestyle-scene,Pillar 4 Dry Skin / Texture close-up,Persona 2,Close-up of dry, flaky skin texture on a heel.,Fixed scene - use as-is.
pillar4_03_radiator.jpg,https://staging.molosoc.com/wp-content/uploads/2026/07/pillar4_03_radiator.jpg,lifestyle-scene,Pillar 4 Dry Skin / Winter dryness,Persona 2,Feet near a radiator, winter dryness mood.,Fixed scene - use as-is.
pillar5_01_drawer.jpg,https://staging.molosoc.com/wp-content/uploads/2026/07/pillar5_01_drawer.jpg,lifestyle-scene,Pillar 5 Cream That Works / Cream graveyard drawer,Persona 1,Bathroom drawer half-open with 3 half-used cream tubes.,Fixed scene - use as-is. Core visual for the Persona 1 "cream graveyard" narrative.
pillar5_02_squeezing.jpg,https://staging.molosoc.com/wp-content/uploads/2026/07/pillar5_02_squeezing.jpg,lifestyle-scene,Pillar 5 Cream That Works / Empty tube humor,Persona 1,Hands squeezing the last bit from an almost-empty tube.,Fixed scene - use as-is.
pillar5_03_nightstand.jpg,https://staging.molosoc.com/wp-content/uploads/2026/07/pillar5_03_nightstand.jpg,lifestyle-scene,Pillar 5 Cream That Works / Bedtime ritual,Persona 1,Nightstand with cream bottle and a book, bedtime ritual mood.,Fixed scene - use as-is.
persona3_01_painted_nails.jpg,https://staging.molosoc.com/wp-content/uploads/2026/07/persona3_01_painted_nails.jpg,lifestyle-scene,Product page / Make the pedicure last,Persona 3,Freshly painted toenails on a spa towel.,Fixed scene - use as-is.
persona3_02_diy_pedicure.jpg,https://staging.molosoc.com/wp-content/uploads/2026/07/persona3_02_diy_pedicure.jpg,lifestyle-scene,Product page / Make the pedicure last,Persona 3,At-home pedicure setup, bowl of water, candle, DIY spa mood.,Fixed scene - use as-is.
persona4_01_gift_box.jpg,https://staging.molosoc.com/wp-content/uploads/2026/07/persona4_01_gift_box.jpg,lifestyle-scene,Product page / Give it as a gift,Persona 4,Wrapped small gift box with a ribbon on a table.,Fixed scene - use as-is.
persona4_02_giving_gift.jpg,https://staging.molosoc.com/wp-content/uploads/2026/07/persona4_02_giving_gift.jpg,lifestyle-scene,Product page / Give it as a gift,Persona 4,Two pairs of hands - one giving a wrapped gift to another.,Fixed scene - use as-is.
seasonal_01_presummer.jpg,https://staging.molosoc.com/wp-content/uploads/2026/07/seasonal_01_presummer.jpg,lifestyle-scene,Product page / Seasonal - pre-summer,—,Feet in sandals next to a suitcase, travel-prep excitement.,Fixed scene - use as-is. Time to pre-summer window (Apr-Jun).
seasonal_02_postsummer.jpg,https://staging.molosoc.com/wp-content/uploads/2026/07/seasonal_02_postsummer.jpg,lifestyle-scene,Product page / Seasonal - post-summer,—,Sandy bare feet on a towel after a beach day.,Fixed scene - use as-is. Time to post-summer repair window (Aug-Sept).
seasonal_03_winter.jpg,https://staging.molosoc.com/wp-content/uploads/2026/07/seasonal_03_winter.jpg,lifestyle-scene,Product page / Seasonal - winter,—,Feet tucked into a blanket with tea nearby, cozy private ritual.,Fixed scene - use as-is. Time to winter habit-building window (Oct-Mar).
hero_pair_bedroom.jpg,https://staging.molosoc.com/wp-content/uploads/2026/07/hero_pair_bedroom.jpg,lifestyle-scene,Product page / Hero - RECOMMENDED WINNER,—,Product pair shown in a warm bedroom scene - salt lamp, books, tea.,Fixed scene - use as-is. Chosen as strongest hero candidate for warmth/context over sterile studio shots.
hero_pair_scandi.jpg,https://staging.molosoc.com/wp-content/uploads/2026/07/hero_pair_scandi.jpg,lifestyle-scene,Product page / Hero - backup candidate,—,Product pair on a coffee table, clean minimal living-room setting.,Fixed scene - use as-is. Backup hero if bedroom version underperforms.
hero_pair_bamboo.jpg,https://staging.molosoc.com/wp-content/uploads/2026/07/hero_pair_bamboo.jpg,lifestyle-scene,Product page / Hero - candidate,—,Product pair styled with bamboo/natural material props.,Fixed scene - use as-is. Not yet chosen as primary hero.
hero_pair_white_env.jpg,https://staging.molosoc.com/wp-content/uploads/2026/07/hero_pair_white_env.jpg,lifestyle-scene,Product page / Hero - candidate,—,Product pair on plain white/neutral background.,Fixed scene - use as-is. More studio-style, less lifestyle context than the bedroom/scandi options.
molosoc_elegant_white_pair.jpg,https://staging.molosoc.com/wp-content/uploads/2026/07/molosoc_elegant_white_pair.jpg,lifestyle-scene,Product page / Hero - candidate,—,Elegant styled product pair shot.,Fixed scene - use as-is. Not yet chosen as primary hero.
molosoc_white_bamboo.jpg,https://staging.molosoc.com/wp-content/uploads/2026/07/molosoc_white_bamboo.jpg,lifestyle-scene,Product page / Hero - candidate,—,Product shown with white/bamboo styling.,Fixed scene - use as-is. Not yet chosen as primary hero.
molosoc_pack_gift.jpg,https://staging.molosoc.com/wp-content/uploads/2026/07/molosoc_pack_gift.jpg,lifestyle-scene,Product page / Gift pack - candidate,Persona 4,Product packaging styled as a gift.,Fixed scene - use as-is.
molosoc_pack_gift_v2.jpg,https://staging.molosoc.com/wp-content/uploads/2026/07/molosoc_pack_gift_v2.jpg,lifestyle-scene,"Product page / Gift pack - candidate, CHECK LABEL TEXT",Persona 4,Product packaging as a gift - product label text is visible in-frame.,CHECK BEFORE USE - label/packaging text is legible in this render; verify wording is correct/finalized before publishing.
molosoc_pack_gift_v3.jpg,https://staging.molosoc.com/wp-content/uploads/2026/07/molosoc_pack_gift_v3.jpg,lifestyle-scene,Product page / Gift pack - candidate,Persona 4,Product packaging styled as a gift, alt version.,Fixed scene - use as-is.
molosoc_pack_env1.jpg,https://staging.molosoc.com/wp-content/uploads/2026/07/molosoc_pack_env1.jpg,lifestyle-scene,"Product page / Packaging - candidate, CHECK LABEL TEXT",—,Packaging shown in an environment - label text visible.,CHECK BEFORE USE - label/packaging text is legible in this render; verify wording before publishing.
molosoc_pack_env2.jpg,https://staging.molosoc.com/wp-content/uploads/2026/07/molosoc_pack_env2.jpg,lifestyle-scene,"Product page / Packaging - candidate, CHECK LABEL TEXT",—,Packaging shown in an environment - label text visible.,CHECK BEFORE USE - label/packaging text is legible in this render; verify wording before publishing.
molosoc_pack_env3.jpg,https://staging.molosoc.com/wp-content/uploads/2026/07/molosoc_pack_env3.jpg,lifestyle-scene,"Product page / Packaging - candidate, CHECK LABEL TEXT",—,Packaging shown in an environment - label text visible.,CHECK BEFORE USE - label/packaging text is legible in this render; verify wording before publishing.
molosoc_gift_healing.jpg,https://staging.molosoc.com/wp-content/uploads/2026/07/molosoc_gift_healing.jpg,lifestyle-scene,Product page / Gift - candidate,Persona 4,Gift-framed product shot, healing/care angle.,Fixed scene - use as-is.
molosoc_gift_healing_v2.jpg,https://staging.molosoc.com/wp-content/uploads/2026/07/molosoc_gift_healing_v2.jpg,lifestyle-scene,Product page / Gift - candidate,Persona 4,Gift-framed product shot, alt version.,Fixed scene - use as-is.
molosoc_product_only.jpg,https://staging.molosoc.com/wp-content/uploads/2026/07/molosoc_product_only.jpg,isolated-product-cutout,Product page / What's in the box,—,Product shown alone with minimal/no environment.,Closer to a flexible/isolated asset than a full lifestyle scene - check if background is plain enough to composite similarly to Molosoc-Product-Standing-Compress.png.
molosoc_product_with_pack.jpg,https://staging.molosoc.com/wp-content/uploads/2026/07/molosoc_product_with_pack.jpg,lifestyle-scene,"Product page / What's in the box, CHECK LABEL TEXT",—,Product with its packaging shown together - label text visible.,CHECK BEFORE USE - label/packaging text is legible in this render; verify wording before publishing.
molosoc_two_sizes_env.jpg,https://staging.molosoc.com/wp-content/uploads/2026/07/molosoc_two_sizes_env.jpg,lifestyle-scene,Product page / Sizes shot - candidate,—,Two product sizes shown together in an environment.,Fixed scene - use as-is. Useful if you add a size-selection UI element.
molosoc_two_sizes_env2.jpg,https://staging.molosoc.com/wp-content/uploads/2026/07/molosoc_two_sizes_env2.jpg,lifestyle-scene,Product page / Sizes shot - candidate,—,Two product sizes shown together, alt angle.,Fixed scene - use as-is.
molosoc_salt_cave.jpg,https://staging.molosoc.com/wp-content/uploads/2026/07/molosoc_salt_cave.jpg,lifestyle-scene,Uncategorized - stylistic render,—,Stylistic render, salt-cave/spa aesthetic.,Fixed scene - use as-is. Not yet mapped to a specific page section.
molosoc_mirrored_tropical.jpg,https://staging.molosoc.com/wp-content/uploads/2026/07/molosoc_mirrored_tropical.jpg,lifestyle-scene,Uncategorized - stylistic render,—,Stylistic render, tropical/mirrored aesthetic.,Fixed scene - use as-is. Not yet mapped to a specific page section.
